user_id,username
1162694149956603904,thebridge_tech
1162694149956603904,thebridge_tech
1003872445,paumugarra
1162694149956603904,thebridge_tech
2529499620,formacion_fuc3
706520411551494145,jose_sola_
604485175,bertinha84
1162694149956603904,thebridge_tech
1391838162830385165,apiuxtecnologia
1162694149956603904,thebridge_tech
1003872445,paumugarra
1494355208473874438,pydatamadrid
1162694149956603904,thebridge_tech
12085582,diegodl
1162694149956603904,thebridge_tech
1494355208473874438,pydatamadrid
2907682397,graphext
1131933723681800193,biohubvlc
1073622740,coitcv
41110484,raulcotrina
210026854,anawhitewolf
1162694149956603904,thebridge_tech
1073622740,coitcv
2390191837,lasenioenradio
394734366,sanhuerga
1162694149956603904,thebridge_tech
1162694149956603904,thebridge_tech
581925228,fujitsu_es
1162694149956603904,thebridge_tech
1494355208473874438,pydatamadrid
581925228,fujitsu_es
1162694149956603904,thebridge_tech
581925228,fujitsu_es
1162694149956603904,thebridge_tech
1141978357640380416,codehouselearn
41110484,raulcotrina
161718323,equiposytalento
581925228,fujitsu_es
106344840,camaradesevilla
1162694149956603904,thebridge_tech
1162694149956603904,thebridge_tech
346719304,thebridgetech
346719304,thebridgetech
1162694149956603904,thebridge_tech
428513442,innovaspain
2846700448,conferenciacs
1162694149956603904,thebridge_tech
89141857,emprenemjunts
1941897590,coursereport
1941897590,coursereport
1162694149956603904,thebridge_tech
12085582,diegodl
1162694149956603904,thebridge_tech
1162694149956603904,thebridge_tech
874916978665938945,startup_vlc
1162694149956603904,thebridge_tech
763323065199628288,insidezeusdata
92249250,uribex
45599578,manuelfherrador
462004230,imparsifal
242444362,loretogf
243608028,jotdownspain
89141857,emprenemjunts
243608028,jotdownspain
92249250,uribex
2446351,uriondo
2446351,uriondo
1623075325,vilafrances
138734492,cherendler_bond
2446351,uriondo
1162694149956603904,thebridge_tech
118748532,cased93
1162694149956603904,thebridge_tech
1088261225153060864,gohubventures
1232276995796586499,inescalabuig2
1162694149956603904,thebridge_tech
1085383992,wcapitalriesgo
27890913,elreferente
190658967,haycanal
89141857,emprenemjunts
89141857,emprenemjunts
1018473762902114304,eioua_aprendiz
874916978665938945,startup_vlc
1162694149956603904,thebridge_tech
604485175,bertinha84
284115545,ceeivalencia
12085582,diegodl
1162694149956603904,thebridge_tech
1073622740,coitcv
1437833350732034050,javierpolaris
14661878,carlosmcabo
10671232,_miki
40046861,carlosmdh
1255794072280842240,heavymental_es
40046861,carlosmdh
1437833350732034050,javierpolaris
1255794072280842240,heavymental_es
3319318173,loriotio
3175666499,eleconomistacv
1162694149956603904,thebridge_tech
1434890317640126469,sergio_berbis
144581964,fernandojsg
427660452,antonio_muniz_c
317352917,mtortosal
276656109,joobid
271028835,valientesempren
1482505294232043523,didacjo1
803255406,moquintana
803255406,moquintana
1493264171705765890,mulder01198676
803255406,moquintana
1493264171705765890,mulder01198676
1493264171705765890,mulder01198676
803255406,moquintana
779234238977675264,danieldanigran
1493264171705765890,mulder01198676
1493264171705765890,mulder01198676
147255980,k4rliky
401397656,farmainquieto
276656109,joobid
1255794072280842240,heavymental_es
1493264171705765890,mulder01198676
1043115222,senra_chriss
1162694149956603904,thebridge_tech
7154412,recuenco
15993641,arey
1003872445,paumugarra
212364786,designetworking
1255794072280842240,heavymental_es
230190180,bombabarros
276656109,joobid
212364786,designetworking
276656109,joobid
212364786,designetworking
212364786,designetworking
212364786,designetworking
12085582,diegodl
212364786,designetworking
140757340,roberballester
62495833,vmcasamayor
1255794072280842240,heavymental_es
62495833,vmcasamayor
276656109,joobid
1255794072280842240,heavymental_es
7154412,recuenco
276656109,joobid
779899,jatorrero
1255794072280842240,heavymental_es
1454470440513122305,navarro_batista
1255794072280842240,heavymental_es
1454470440513122305,navarro_batista
230190180,bombabarros
230190180,bombabarros
779899,jatorrero
1255794072280842240,heavymental_es
49154622,carloslgonzalez
1255794072280842240,heavymental_es
49154622,carloslgonzalez
1493264171705765890,mulder01198676
1255794072280842240,heavymental_es
1493264171705765890,mulder01198676
1162694149956603904,thebridge_tech
1474204478983348227,danilohuertas_h
874916978665938945,startup_vlc
1162694149956603904,thebridge_tech
421798449,vlctechhub
1088043591681871872,laproductconfes
1162694149956603904,thebridge_tech
56674550,na5ho
1493264171705765890,mulder01198676
55193695,pelayoarbues
962578275162869760,pesetjairo
18955785,javimostoles
15521945,wmurphy
10614452,pcontrer
1255794072280842240,heavymental_es
1162694149956603904,thebridge_tech
1434890317640126469,sergio_berbis
